{
  "H1_SAE_auc": 0.7343805874840358,
  "H1_rawGPT2_auc": 0.7812005108556832,
  "H1_PCA_auc": 0.7550191570881225,
  "H1_rand_auc": 0.7661558109833972,
  "H1_perm_p": 0.000999000999000999,
  "H1_perm_null95": 0.549485312899106,
  "H2_named_only_auc": 0.7157088122605364,
  "H2_named_plus_unnamed_auc": 0.7343805874840358,
  "H2_increment": 0.018671775223499387,
  "H2_increment_p": 1.0,
  "H3_vagal_vs_lfhf_jaccard": 0.6666666666666666
}