{
  "H1_SAE_auc": 0.7196424010217114,
  "H1_rawGPT2_auc": 0.7793614303959131,
  "H1_PCA_auc": 0.7701915708812259,
  "H1_rand_auc": 0.766896551724138,
  "H1_perm_p": 0.000999000999000999,
  "H1_perm_null95": 0.5463116219667944,
  "H2_named_only_auc": 0.7104725415070242,
  "H2_named_plus_unnamed_auc": 0.7196424010217114,
  "H2_increment": 0.009169859514687184,
  "H2_increment_p": 1.0,
  "H3_vagal_vs_lfhf_jaccard": 0.6666666666666666
}