{
  "SAE_auc": 0.466510683156352,
  "rawGPT2_auc": 0.49984573059419435,
  "PCA_auc": 0.5503175378602833,
  "rand_auc": 0.5064536034762039,
  "perm_p": 0.9110889110889111,
  "perm_null95": 0.5406936980947729,
  "n_windows": 615,
  "n_subjects": 34
}